{"cameraMode":{"drawMode":0,"name":"Shaded","section":"Shading Mode"},"sceneLighting":true,"audioPlay":false,"sceneViewState":{"showFog":true,"showMaterialUpdate":false,"showSkybox":true,"showFlares":true,"showImageEffects":true,"showParticleSystems":true},"in2DMode":false,"pivot":{"x":25.716611862182618,"y":3.1303539276123049,"z":22.29528045654297},"rotation":{"x":-0.12345187366008759,"y":-0.4409535527229309,"z":0.061380088329315189,"w":-0.8868783116340637},"size":635.9585571289063,"orthographic":false}