{"cameraMode":{"drawMode":0,"name":"Shaded","section":"Shading Mode"},"sceneLighting":true,"audioPlay":false,"sceneViewState":{"showFog":true,"showMaterialUpdate":true,"showSkybox":true,"showFlares":true,"showImageEffects":true,"showParticleSystems":true},"in2DMode":false,"pivot":{"x":226.30999755859376,"y":0.7522644400596619,"z":455.9466552734375},"rotation":{"x":0.027925876900553705,"y":-0.19897882640361787,"z":0.005672436207532883,"w":0.9795897603034973},"size":9.20811653137207,"orthographic":false}