{"cameraMode":{"drawMode":0,"name":"Shaded","section":"Shading Mode"},"sceneLighting":false,"audioPlay":false,"sceneViewState":{"showFog":true,"showMaterialUpdate":false,"showSkybox":true,"showFlares":true,"showImageEffects":true,"showParticleSystems":true},"in2DMode":false,"pivot":{"x":0.2774251699447632,"y":1.0394513607025147,"z":-0.05337166786193848},"rotation":{"x":-0.05475848540663719,"y":0.9445081949234009,"z":-0.20903944969177247,"w":-0.2474190592765808},"size":44.48154830932617,"orthographic":false}