{"cameraMode":{"drawMode":0,"name":"Shaded","section":"Shading Mode"},"sceneLighting":true,"audioPlay":false,"sceneViewState":{"showFog":true,"showMaterialUpdate":true,"showSkybox":true,"showFlares":true,"showImageEffects":true,"showParticleSystems":true},"in2DMode":false,"pivot":{"x":84.54380798339844,"y":68.5977554321289,"z":535.7664794921875},"rotation":{"x":-0.07694947719573975,"y":-0.24652428925037385,"z":-0.019640106707811357,"w":0.9658780694007874},"size":290.9787292480469,"orthographic":false}